[{
		"id": "ZRC-90_scene",
		"title": {
			"en": "Scene is activated",
			"nl": "Scene is geactiveerd"
		},
		"hint": {
			"en": "This card will only get triggered if the button and scene match the state of the dropdown fields.",
			"nl": "Deze kaart wordt alleen geactiveerd wanneer de knop en scene overeenkomen met de toestand van de gekozen opties."
		},
		"args": [
			{
				"name": "device",
				"type": "device",
				"filter": "driver_id=ZRC-90"
					},
			{
				"name": "button",
				"type": "dropdown",
				"values": [
					{
						"id": "1",
						"label": {
							"en": "Button 1",
							"nl": "Knop 1"
						}
	            },
					{
						"id": "2",
						"label": {
							"en": "Button 2",
							"nl": "Knop 2"
						}
	            },
					{
						"id": "3",
						"label": {
							"en": "Button 3",
							"nl": "Knop 3"
						}
	            },
					{
						"id": "4",
						"label": {
							"en": "Button 4",
							"nl": "Knop 4"
						}
	            },
					{
						"id": "5",
						"label": {
							"en": "Button 5",
							"nl": "Knop 5"
						}
							},
					{
						"id": "6",
						"label": {
							"en": "Button 6",
							"nl": "Knop 6"
						}
							},
					{
						"id": "7",
						"label": {
							"en": "Button 7",
							"nl": "Knop 7"
						}
							},
					{
						"id": "8",
						"label": {
							"en": "Button 8",
							"nl": "Knop 8"
						}
							}
						]
	          },
			{
				"name": "scene",
				"type": "dropdown",
				"values": [
					{
						"id": "Key Pressed 1 time",
						"label": {
							"en": "Pressed 1x",
							"nl": "1x ingedrukt"
						}
	              },
					{
						"id": "Key Pressed 2 times",
						"label": {
							"en": "Pressed 2x",
							"nl": "2x ingedrukt"
						}
	              },
					{
						"id": "Key Held Down",
						"label": {
							"en": "Held Down (5x a second)",
							"nl": "Lang ingedrukt (5x per seconde)"
						}
	              },
					{
						"id": "Key Released",
						"label": {
							"en": "Released",
							"nl": "Losgelaten"
						}
	              }
	            ]
	          }
	        ]
	      },
	{
		"id": "ZRC-90_button",
		"title": {
			"en": "A button has been pressed",
			"nl": "Een knop is ingedrukt"
		},
		"hint": {
			"en": "This card will trigger on any button pressed and provides the button and scene tokens.",
			"nl": "Deze kaart wordt geactiveerd bij iedere knop die ingedrukt wordt en biedt de knop en scene tokens aan."
		},
		"args": [
			{
				"name": "device",
				"type": "device",
				"filter": "driver_id=ZRC-90"
						}
					],
		"tokens": [
			{
				"name": "button",
				"type": "string",
				"title": {
					"en": "button",
					"nl": "knop"
				},
				"example": "0"
						},
			{
				"name": "scene",
				"type": "string",
				"title": {
					"en": "scene",
					"nl": "scene"
				},
				"example": "Button pressed (test)"
						}
					]
				}]
